{
  "version": "2020.2",
  "applications": [],
  "platforms": [
    {
      "name": "system_wrapper"
    }
  ],
  "systems": [
    {
      "name": "pcam_vdma_hdmi_system",
      "platform": "S:/danme/Documents/GitHub/CT-ECE5727-Master/SP21/Lab5/zyboz7_workshop/sw/system_wrapper/export/system_wrapper/system_wrapper.xpfm",
      "sysConfig": "system_wrapper",
      "buildConfig": "Debug",
      "applications": [
        {
          "name": "pcam_vdma_hdmi",
          "platform": "S:/danme/Documents/GitHub/CT-ECE5727-Master/SP21/Lab5/zyboz7_workshop/sw/system_wrapper/export/system_wrapper/system_wrapper.xpfm",
          "platformPath": "S:\\danme\\Documents\\GitHub\\CT-ECE5727-Master\\SP21\\Lab5\\zyboz7_workshop\\sw\\system_wrapper\\export\\system_wrapper",
          "sysConfig": "system_wrapper",
          "domain": "standalone_ps7_cortexa9_0",
          "system": "pcam_vdma_hdmi_system"
        }
      ],
      "platformPath": "S:\\danme\\Documents\\GitHub\\CT-ECE5727-Master\\SP21\\Lab5\\zyboz7_workshop\\sw\\system_wrapper\\export\\system_wrapper"
    }
  ],
  "others": []
}